episode_index,task,source_pool,source_repo_id,source_episode_index,task_type,scene_setup,target_object,start_position,training_role
0,Move the closed white cup into the bowl.,Original 200,justintiensmith/MT_State_Recognition_200_OLD,0,State Recognition,"white cup B (C, UR) [target]; white cup A (O, UR); yellow-white striped cup A (C, UR); brown cup B (C, UR)",white cup B,Recovery,Explicit seen-cell grounding
1,Place the open white cup in the bowl.,Original 200,justintiensmith/MT_State_Recognition_200_OLD,1,State Recognition,"white cup B (O, UR) [target]; white cup A (C, UR); brown cup B (O, UR)",white cup B,Home,Explicit seen-cell grounding
2,Put the open white cup in the bowl.,Original 200,justintiensmith/MT_State_Recognition_200_OLD,2,State Recognition,"white cup A (O, UR) [target]; white cup B (C, UR); glass spice container A (O, UR); yellow-white striped cup B (O, UR)",white cup A,Home,Explicit seen-cell grounding
3,Move the closed white cup into the bowl.,Original 200,justintiensmith/MT_State_Recognition_200_OLD,3,State Recognition,"white cup A (C, UR) [target]; white cup B (O, UR); yellow-white striped cup B (O, UR); brown cup A (O, UR)",white cup A,Home,Explicit seen-cell grounding
4,Place a white cup in the bowl.,Original 200,justintiensmith/MT_State_Recognition_200_OLD,4,State Recognition,"white cup B (C, UR) [target]; yellow-white striped cup A (O, UR); brown cup A (O, UR)",white cup B,Home,State-masked physical exposure
5,Put a white cup in the bowl.,Original 200,justintiensmith/MT_State_Recognition_200_OLD,5,State Recognition,"white cup B (O, UR) [target]; brown cup A (C, UR); glass spice container A (C, UR)",white cup B,Home,State-masked physical exposure
6,Move the closed white cup into the bowl.,Original 200,justintiensmith/MT_State_Recognition_200_OLD,6,State Recognition,"white cup B (C, UR) [target]; white cup A (O, UR); yellow-white striped cup A (C, UR); brown cup B (C, UR)",white cup B,Home,Explicit seen-cell grounding
7,Place the closed white cup in the bowl.,Original 200,justintiensmith/MT_State_Recognition_200_OLD,7,State Recognition,"white cup A (C, UR) [target]; white cup B (O, UR); brown cup B (O, UR)",white cup A,Recovery,Explicit seen-cell grounding
8,Put a white cup in the bowl.,Original 200,justintiensmith/MT_State_Recognition_200_OLD,8,State Recognition,"white cup A (O, UR) [target]; glass spice container A (C, UR); yellow-white striped cup B (C, UR); brown cup B (C, UR)",white cup A,Home,State-masked physical exposure
9,Move the open white cup into the bowl.,Original 200,justintiensmith/MT_State_Recognition_200_OLD,9,State Recognition,"white cup B (O, UR) [target]; white cup A (C, UR); yellow-white striped cup B (O, UR); brown cup A (C, UR)",white cup B,Home,Explicit seen-cell grounding
10,Place the closed white cup in the bowl.,Original 200,justintiensmith/MT_State_Recognition_200_OLD,10,State Recognition,"white cup A (C, UR) [target]; white cup B (O, UR); brown cup A (C, UR); glass spice container B (C, UR)",white cup A,Home,Explicit seen-cell grounding
11,Put the open white cup in the bowl.,Original 200,justintiensmith/MT_State_Recognition_200_OLD,11,State Recognition,"white cup A (O, UR) [target]; white cup B (C, UR); glass spice container B (C, UR)",white cup A,Home,Explicit seen-cell grounding
12,Move the open white cup into the bowl.,Original 200,justintiensmith/MT_State_Recognition_200_OLD,12,State Recognition,"white cup A (O, UR) [target]; white cup B (C, UR); yellow-white striped cup A (O, UR); brown cup B (O, UR)",white cup A,Home,Explicit seen-cell grounding
13,Place a white cup in the bowl.,Original 200,justintiensmith/MT_State_Recognition_200_OLD,13,State Recognition,"white cup B (C, UR) [target]; yellow-white striped cup B (O, UR); brown cup B (O, UR)",white cup B,Home,State-masked physical exposure
14,Put the open white cup in the bowl.,Original 200,justintiensmith/MT_State_Recognition_200_OLD,14,State Recognition,"white cup B (O, UR) [target]; white cup A (C, UR); glass spice container A (C, UR); yellow-white striped cup B (C, UR)",white cup B,Recovery,Explicit seen-cell grounding
15,Move the closed white cup into the bowl.,Original 200,justintiensmith/MT_State_Recognition_200_OLD,15,State Recognition,"white cup A (C, UR) [target]; white cup B (O, UR); yellow-white striped cup B (O, UR)",white cup A,Home,Explicit seen-cell grounding
16,Place the closed white cup in the bowl.,Original 200,justintiensmith/MT_State_Recognition_200_OLD,16,State Recognition,"white cup A (C, UR) [target]; white cup B (O, UR); brown cup A (C, UR); glass spice container B (C, UR)",white cup A,Home,Explicit seen-cell grounding
17,Put the open white cup in the bowl.,Original 200,justintiensmith/MT_State_Recognition_200_OLD,17,State Recognition,"white cup B (O, UR) [target]; white cup A (C, UR); glass spice container B (O, UR)",white cup B,Home,Explicit seen-cell grounding
18,Move a white cup into the bowl.,Original 200,justintiensmith/MT_State_Recognition_200_OLD,18,State Recognition,"white cup A (C, UR) [target]; brown cup B (O, UR); glass spice container B (O, UR)",white cup A,Home,State-masked physical exposure
19,Place the open white cup in the bowl.,Original 200,justintiensmith/MT_State_Recognition_200_OLD,19,State Recognition,"white cup B (O, UR) [target]; white cup A (C, UR); brown cup B (O, UR)",white cup B,Recovery,Explicit seen-cell grounding
20,Put a white cup in the bowl.,Original 200,justintiensmith/MT_State_Recognition_200_OLD,20,State Recognition,"white cup A (O, UR) [target]; glass spice container B (C, UR); yellow-white striped cup A (C, UR); brown cup A (C, UR)",white cup A,Home,State-masked physical exposure
21,Move the closed white cup into the bowl.,Original 200,justintiensmith/MT_State_Recognition_200_OLD,21,State Recognition,"white cup B (C, UR) [target]; white cup A (O, UR); yellow-white striped cup B (O, UR); brown cup A (O, UR)",white cup B,Home,Explicit seen-cell grounding
22,Place the open white cup in the bowl.,Original 200,justintiensmith/MT_State_Recognition_200_OLD,22,State Recognition,"white cup B (O, UR) [target]; white cup A (C, UR); brown cup A (O, UR); glass spice container B (O, UR)",white cup B,Home,Explicit seen-cell grounding
23,Put the closed white cup in the bowl.,Original 200,justintiensmith/MT_State_Recognition_200_OLD,23,State Recognition,"white cup A (C, UR) [target]; white cup B (O, UR); glass spice container B (C, UR)",white cup A,Recovery,Explicit seen-cell grounding
24,Move the open white cup into the bowl.,Original 200,justintiensmith/MT_State_Recognition_200_OLD,24,State Recognition,"white cup A (O, UR) [target]; white cup B (C, UR); yellow-white striped cup A (O, UR)",white cup A,Home,Explicit seen-cell grounding
25,Place a white cup in the bowl.,Original 200,justintiensmith/MT_State_Recognition_200_OLD,25,State Recognition,"white cup B (C, UD) [target]; brown cup B (O, UR); glass spice container B (C, UR); yellow-white striped cup A (O, UR)",white cup B,Home,State-masked physical exposure
26,Put the upright white cup in the bowl.,New Recollection 20,justintiensmith/MT_State_Recognition_20,0,State Recognition,"white cup A (O, UR) [target, P1]; white cup B (O, UD) [same-category counterfactual, P3]",white cup A,Recovery,Explicit seen-cell grounding
27,Move the upright white cup into the bowl.,Original 200,justintiensmith/MT_State_Recognition_200_OLD,27,State Recognition,"white cup B (C, UR) [target]; white cup A (C, UD); brown cup B (C, UD); glass spice container A (O, UD)",white cup B,Home,Explicit seen-cell grounding
28,Place a white cup in the bowl.,Replacement 61,justintiensmith/SP_State_Recognition_61,9,State Recognition,"white cup B (C, UD) [target, P2]; yellow-white striped cup A (C, UD) — P1; brown cup B (O, UD) — P3; glass spice container A (C, UR) — P4",white cup B,Recovery,State-masked physical exposure
29,Put a white cup in the bowl.,Additional 40,justintiensmith/MT_State_Recognition_40,3,State Recognition,"white cup B (C, UD) [target, P4]; yellow-white striped cup B (C, UR); Brown cup B (C, UD); glass spice container A (O, UR)",white cup B,Home,State-masked physical exposure
30,Move a white cup into the bowl.,Original 200,justintiensmith/MT_State_Recognition_200_OLD,30,State Recognition,"white cup A (O, UD) [target]; glass spice container B (O, UR); yellow-white striped cup A (C, UR); brown cup A (O, UR)",white cup A,Home,State-masked physical exposure
31,Place the upright white cup in the bowl.,Original 200,justintiensmith/MT_State_Recognition_200_OLD,31,State Recognition,"white cup B (C, UR) [target]; white cup A (C, UD); glass spice container B (C, UR)",white cup B,Home,Explicit seen-cell grounding
32,Put a white cup in the bowl.,Replacement 61,justintiensmith/SP_State_Recognition_61,10,State Recognition,"white cup A (O, UD) [target, P3]; yellow-white striped cup B (O, UR) — P2; brown cup A (C, UD) — P4; glass spice container B (O, UD) — P1",white cup A,Home,State-masked physical exposure
33,Move the upright white cup into the bowl.,New Recollection 20,justintiensmith/MT_State_Recognition_20,1,State Recognition,"white cup B (C, UR) [target, P2]; white cup A (C, UD) [same-category counterfactual, P4]; glass spice container B (C, UR) [P1]",white cup B,Home,Explicit seen-cell grounding
34,Place a white cup in the bowl.,Replacement 61,justintiensmith/SP_State_Recognition_61,2,State Recognition,"white cup A (O, UD) [target, P3]; yellow-white striped cup B (O, UR) — P4; brown cup A (C, UD) — P1; glass spice container B (O, UD) — P2",white cup A,Recovery,State-masked physical exposure
35,Put a white cup in the bowl.,Additional 40,justintiensmith/MT_State_Recognition_40,7,State Recognition,"white cup A (C, UD) [target, P4]; yellow-white striped cup B (C, UR); Brown cup B (O, UD); glass spice container B (C, UR)",white cup A,Home,State-masked physical exposure
36,Move a white cup into the bowl.,Original 200,justintiensmith/MT_State_Recognition_200_OLD,36,State Recognition,"white cup B (O, UR) [target]; yellow-white striped cup A (C, UD); brown cup A (O, UD)",white cup B,Home,State-masked physical exposure
37,Place a white cup in the bowl.,Original 200,justintiensmith/MT_State_Recognition_200_OLD,37,State Recognition,"white cup A (C, UR) [target]; brown cup A (C, UD); glass spice container A (O, UD); yellow-white striped cup B (C, UD)",white cup A,Recovery,State-masked physical exposure
38,Put a white cup in the bowl.,Replacement 61,justintiensmith/SP_State_Recognition_61,12,State Recognition,"white cup B (O, UR) [target, P1]; yellow-white striped cup B (O, UD) — P2; brown cup A (C, UR) — P3; glass spice container B (O, UR) — P4",white cup B,Home,State-masked physical exposure
39,Move a white cup into the bowl.,Replacement 61,justintiensmith/SP_State_Recognition_61,5,State Recognition,"white cup A (C, UD) [target, P2]; yellow-white striped cup A (C, UD) — P4; brown cup B (O, UD) — P1; glass spice container A (C, UR) — P3",white cup A,Home,State-masked physical exposure
40,Place the upright white cup in the bowl.,Original 200,justintiensmith/MT_State_Recognition_200_OLD,40,State Recognition,"white cup A (O, UR) [target]; white cup B (O, UD); glass spice container A (C, UD); yellow-white striped cup B (O, UD)",white cup A,Recovery,Explicit seen-cell grounding
41,Put a white cup in the bowl.,Replacement 61,justintiensmith/SP_State_Recognition_61,13,State Recognition,"white cup B (C, UD) [target, P2]; yellow-white striped cup A (C, UD) — P3; brown cup B (O, UD) — P4; glass spice container A (C, UR) — P1",white cup B,Home,State-masked physical exposure
42,Move a white cup into the bowl.,Original 200,justintiensmith/MT_State_Recognition_200_OLD,42,State Recognition,"white cup B (O, UD) [target]; glass spice container A (C, UR); yellow-white striped cup B (O, UR)",white cup B,Home,State-masked physical exposure
43,Place a white cup in the bowl.,Additional 40,justintiensmith/MT_State_Recognition_40,8,State Recognition,"white cup A (O, UR) [target, P1]; yellow-white striped cup A (O, UD); Brown cup A (C, UR); glass spice container B (O, UD)",white cup A,Home,State-masked physical exposure
44,Put the upright white cup in the bowl.,Original 200,justintiensmith/MT_State_Recognition_200_OLD,44,State Recognition,"white cup B (O, UR) [target]; white cup A (O, UD); yellow-white striped cup A (C, UR); brown cup B (O, UR)",white cup B,Home,Explicit seen-cell grounding
45,Move a white cup into the bowl.,Original 200,justintiensmith/MT_State_Recognition_200_OLD,45,State Recognition,"white cup A (C, UR) [target]; yellow-white striped cup B (C, UD); brown cup B (O, UD)",white cup A,Recovery,State-masked physical exposure
46,Place a white cup in the bowl.,Replacement 61,justintiensmith/SP_State_Recognition_61,15,State Recognition,"white cup B (C, UR) [target, P4]; yellow-white striped cup A (C, UR) — P1; brown cup B (O, UR) — P2; glass spice container A (C, UD) — P3",white cup B,Home,State-masked physical exposure
47,Put the upright white cup in the bowl.,Original 200,justintiensmith/MT_State_Recognition_200_OLD,47,State Recognition,"white cup A (C, UR) [target]; white cup B (C, UD); yellow-white striped cup B (C, UR); brown cup A (O, UD)",white cup A,Home,Explicit seen-cell grounding
48,Move the upright white cup into the bowl.,Original 200,justintiensmith/MT_State_Recognition_200_OLD,48,State Recognition,"white cup B (O, UR) [target]; white cup A (O, UD); brown cup A (C, UD); glass spice container B (O, UD)",white cup B,Home,Explicit seen-cell grounding
49,Place a white cup in the bowl.,Replacement 61,justintiensmith/SP_State_Recognition_61,6,State Recognition,"white cup A (O, UD) [target, P3]; yellow-white striped cup B (O, UR) — P1; brown cup A (C, UD) — P2; glass spice container B (O, UD) — P4",white cup A,Home,State-masked physical exposure
50,Put a yellow-white striped cup in the bowl.,Additional 40,justintiensmith/MT_State_Recognition_40,15,State Recognition,"yellow-white striped cup A (O, UD) [target, P3]; White cup A (O, UR); Brown cup B (C, UD); glass spice container B (C, UR)",yellow-white striped cup A,Home,State-masked physical exposure
51,Move the closed yellow-white striped cup into the bowl.,Original 200,justintiensmith/MT_State_Recognition_200_OLD,51,State Recognition,"yellow-white striped cup B (C, UR) [target]; yellow-white striped cup A (O, UR); white cup A (C, UR)",yellow-white striped cup B,Home,Explicit seen-cell grounding
52,Place a yellow-white striped cup in the bowl.,Original 200,justintiensmith/MT_State_Recognition_200_OLD,52,State Recognition,"yellow-white striped cup A (O, UR) [target]; white cup A (C, UR); brown cup B (C, UR)",yellow-white striped cup A,Recovery,State-masked physical exposure
53,Put a yellow-white striped cup in the bowl.,Additional 40,justintiensmith/MT_State_Recognition_40,16,State Recognition,"yellow-white striped cup B (O, UD) [target, P4]; White cup B (C, UD); Brown cup B (O, UD); glass spice container B (O, UR)",yellow-white striped cup B,Home,State-masked physical exposure
54,Move a yellow-white striped cup into the bowl.,Additional 40,justintiensmith/MT_State_Recognition_40,17,State Recognition,"yellow-white striped cup A (O, UD) [target, P1]; White cup A (C, UD); Brown cup A (O, UD); glass spice container B (C, UR)",yellow-white striped cup A,Home,State-masked physical exposure
55,Place the closed yellow-white striped cup in the bowl.,Original 200,justintiensmith/MT_State_Recognition_200_OLD,55,State Recognition,"yellow-white striped cup A (C, UR) [target]; yellow-white striped cup B (O, UR); brown cup A (C, UR)",yellow-white striped cup A,Home,Explicit seen-cell grounding
56,Put the closed yellow-white striped cup in the bowl.,Original 200,justintiensmith/MT_State_Recognition_200_OLD,56,State Recognition,"yellow-white striped cup B (C, UR) [target]; yellow-white striped cup A (O, UR); glass spice container B (C, UR)",yellow-white striped cup B,Recovery,Explicit seen-cell grounding
57,Move a yellow-white striped cup into the bowl.,Original 200,justintiensmith/MT_State_Recognition_200_OLD,57,State Recognition,"yellow-white striped cup A (O, UR) [target]; brown cup B (C, UR); glass spice container B (C, UR)",yellow-white striped cup A,Home,State-masked physical exposure
58,Place a yellow-white striped cup in the bowl.,Original 200,justintiensmith/MT_State_Recognition_200_OLD,58,State Recognition,"yellow-white striped cup B (C, UR) [target]; glass spice container B (O, UR); white cup B (O, UR); brown cup A (O, UR)",yellow-white striped cup B,Home,State-masked physical exposure
59,Put a yellow-white striped cup in the bowl.,Replacement 61,justintiensmith/SP_State_Recognition_61,18,State Recognition,"yellow-white striped cup A (O, UD) [target, P3]; white cup A (C, UR) — P1; brown cup A (C, UD) — P2; glass spice container B (O, UD) — P4",yellow-white striped cup A,Home,State-masked physical exposure
60,Move the closed yellow-white striped cup into the bowl.,Original 200,justintiensmith/MT_State_Recognition_200_OLD,60,State Recognition,"yellow-white striped cup B (C, UR) [target]; yellow-white striped cup A (O, UR); white cup B (O, UR)",yellow-white striped cup B,Home,Explicit seen-cell grounding
61,Place the closed yellow-white striped cup in the bowl.,Original 200,justintiensmith/MT_State_Recognition_200_OLD,61,State Recognition,"yellow-white striped cup A (C, UR) [target]; yellow-white striped cup B (O, UR); brown cup A (C, UR); glass spice container B (O, UR)",yellow-white striped cup A,Recovery,Explicit seen-cell grounding
62,Put a yellow-white striped cup in the bowl.,Original 200,justintiensmith/MT_State_Recognition_200_OLD,62,State Recognition,"yellow-white striped cup B (C, UR) [target]; white cup B (O, UR); brown cup A (O, UR)",yellow-white striped cup B,Home,State-masked physical exposure
63,Move a yellow-white striped cup into the bowl.,Additional 40,justintiensmith/MT_State_Recognition_40,12,State Recognition,"yellow-white striped cup B (C, UD) [target, P4]; White cup B (O, UR); Brown cup B (O, UR); glass spice container A (C, UD)",yellow-white striped cup B,Home,State-masked physical exposure
64,Place a yellow-white striped cup in the bowl.,Replacement 61,justintiensmith/SP_State_Recognition_61,20,State Recognition,"yellow-white striped cup B (O, UR) [target, P1]; white cup A (C, UD) — P4; brown cup A (C, UR) — P2; glass spice container B (O, UR) — P3",yellow-white striped cup B,Home,State-masked physical exposure
65,Put the closed yellow-white striped cup in the bowl.,Original 200,justintiensmith/MT_State_Recognition_200_OLD,65,State Recognition,"yellow-white striped cup B (C, UR) [target]; yellow-white striped cup A (O, UR); glass spice container A (C, UR)",yellow-white striped cup B,Home,Explicit seen-cell grounding
66,Move a yellow-white striped cup into the bowl.,Original 200,justintiensmith/MT_State_Recognition_200_OLD,66,State Recognition,"yellow-white striped cup A (O, UR) [target]; brown cup A (C, UR); glass spice container A (C, UR); white cup A (C, UR)",yellow-white striped cup A,Home,State-masked physical exposure
67,Place the closed yellow-white striped cup in the bowl.,Original 200,justintiensmith/MT_State_Recognition_200_OLD,67,State Recognition,"yellow-white striped cup A (C, UR) [target]; yellow-white striped cup B (O, UR); brown cup A (C, UR)",yellow-white striped cup A,Home,Explicit seen-cell grounding
68,Put the closed yellow-white striped cup in the bowl.,Original 200,justintiensmith/MT_State_Recognition_200_OLD,68,State Recognition,"yellow-white striped cup B (C, UR) [target]; yellow-white striped cup A (O, UR); glass spice container B (O, UR); white cup A (O, UR)",yellow-white striped cup B,Home,Explicit seen-cell grounding
69,Move a yellow-white striped cup into the bowl.,Replacement 61,justintiensmith/SP_State_Recognition_61,21,State Recognition,"yellow-white striped cup A (C, UD) [target, P2]; white cup B (O, UR) — P1; brown cup B (O, UD) — P3; glass spice container A (C, UR) — P4",yellow-white striped cup A,Recovery,State-masked physical exposure
70,Place a yellow-white striped cup in the bowl.,Original 200,justintiensmith/MT_State_Recognition_200_OLD,70,State Recognition,"yellow-white striped cup A (C, UR) [target]; glass spice container A (O, UR); white cup A (O, UR)",yellow-white striped cup A,Home,State-masked physical exposure
71,Put a yellow-white striped cup in the bowl.,Replacement 61,justintiensmith/SP_State_Recognition_61,24,State Recognition,"yellow-white striped cup B (O, UR) [target, P1]; white cup A (C, UD) — P2; brown cup A (C, UR) — P3; glass spice container B (O, UR) — P4",yellow-white striped cup B,Home,State-masked physical exposure
72,Move a yellow-white striped cup into the bowl.,Original 200,justintiensmith/MT_State_Recognition_200_OLD,72,State Recognition,"yellow-white striped cup B (O, UR) [target]; white cup A (C, UR); brown cup B (C, UR); glass spice container B (C, UR)",yellow-white striped cup B,Recovery,State-masked physical exposure
73,Place the closed yellow-white striped cup in the bowl.,Original 200,justintiensmith/MT_State_Recognition_200_OLD,73,State Recognition,"yellow-white striped cup A (C, UR) [target]; yellow-white striped cup B (O, UR); brown cup A (O, UR); glass spice container B (O, UR)",yellow-white striped cup A,Home,Explicit seen-cell grounding
74,Put the closed yellow-white striped cup in the bowl.,Original 200,justintiensmith/MT_State_Recognition_200_OLD,74,State Recognition,"yellow-white striped cup A (C, UR) [target]; yellow-white striped cup B (O, UR); glass spice container B (C, UR); white cup A (C, UR)",yellow-white striped cup A,Home,Explicit seen-cell grounding
75,Move the upright yellow-white striped cup into the bowl.,New Recollection 20,justintiensmith/MT_State_Recognition_20,2,State Recognition,"yellow-white striped cup A (O, UR) [target, P3]; yellow-white striped cup B (O, UD) [same-category counterfactual, P1]; glass spice container A (O, UR) [P2]; white cup B (C, UD) [P4]",yellow-white striped cup A,Home,Explicit seen-cell grounding
76,Place the upright yellow-white striped cup in the bowl.,New Recollection 20,justintiensmith/MT_State_Recognition_20,3,State Recognition,"yellow-white striped cup B (C, UR) [target, P4]; yellow-white striped cup A (C, UD) [same-category counterfactual, P2]; white cup B (C, UR) [P1]",yellow-white striped cup B,Home,Explicit seen-cell grounding
77,Put a yellow-white striped cup in the bowl.,Original 200,justintiensmith/MT_State_Recognition_200_OLD,77,State Recognition,"yellow-white striped cup A (C, UD) [target]; glass spice container A (C, UR); white cup A (O, UR)",yellow-white striped cup A,Home,State-masked physical exposure
78,Move the upside-down yellow-white striped cup into the bowl.,Original 200,justintiensmith/MT_State_Recognition_200_OLD,78,State Recognition,"yellow-white striped cup B (O, UD) [target]; yellow-white striped cup A (O, UR); brown cup B (C, UR); glass spice container A (O, UR)",yellow-white striped cup B,Home,Explicit seen-cell grounding
79,Place the upright yellow-white striped cup in the bowl.,New Recollection 20,justintiensmith/MT_State_Recognition_20,4,State Recognition,"yellow-white striped cup A (O, UR) [target, P1]; yellow-white striped cup B (O, UD) [same-category counterfactual, P3]; brown cup A (O, UR) [P2]; glass spice container B (C, UD) [P4]",yellow-white striped cup A,Home,Explicit seen-cell grounding
80,Put the upright yellow-white striped cup in the bowl.,New Recollection 20,justintiensmith/MT_State_Recognition_20,5,State Recognition,"yellow-white striped cup B (C, UR) [target, P2]; yellow-white striped cup A (C, UD) [same-category counterfactual, P4]",yellow-white striped cup B,Recovery,Explicit seen-cell grounding
81,Move a yellow-white striped cup into the bowl.,Original 200,justintiensmith/MT_State_Recognition_200_OLD,81,State Recognition,"yellow-white striped cup B (C, UD) [target]; white cup A (O, UR); brown cup B (C, UR); glass spice container B (O, UR)",yellow-white striped cup B,Home,State-masked physical exposure
82,Place the upright yellow-white striped cup in the bowl.,Original 200,justintiensmith/MT_State_Recognition_200_OLD,82,State Recognition,"yellow-white striped cup B (O, UR) [target]; yellow-white striped cup A (O, UD); glass spice container B (C, UR)",yellow-white striped cup B,Home,Explicit seen-cell grounding
83,Put the upside-down yellow-white striped cup in the bowl.,New Recollection 20,justintiensmith/MT_State_Recognition_20,7,State Recognition,"yellow-white striped cup B (C, UD) [target, P4]; yellow-white striped cup A (C, UR) [same-category counterfactual, P2]; brown cup B (C, UD) [P1]; glass spice container A (O, UR) [P3]",yellow-white striped cup B,Home,Explicit seen-cell grounding
84,Move the upright yellow-white striped cup into the bowl.,New Recollection 20,justintiensmith/MT_State_Recognition_20,6,State Recognition,"yellow-white striped cup A (O, UR) [target, P3]; yellow-white striped cup B (O, UD) [same-category counterfactual, P1]; white cup A (O, UR) [P2]",yellow-white striped cup A,Home,Explicit seen-cell grounding
85,Place the upside-down yellow-white striped cup in the bowl.,Original 200,justintiensmith/MT_State_Recognition_200_OLD,85,State Recognition,"yellow-white striped cup B (C, UD) [target]; yellow-white striped cup A (C, UR); glass spice container A (C, UD); white cup B (O, UR)",yellow-white striped cup B,Home,Explicit seen-cell grounding
86,Put the upside-down yellow-white striped cup in the bowl.,Original 200,justintiensmith/MT_State_Recognition_200_OLD,86,State Recognition,"yellow-white striped cup B (O, UD) [target]; yellow-white striped cup A (O, UR); white cup B (C, UR); brown cup A (O, UR)",yellow-white striped cup B,Home,Explicit seen-cell grounding
87,Move a yellow-white striped cup into the bowl.,Original 200,justintiensmith/MT_State_Recognition_200_OLD,87,State Recognition,"yellow-white striped cup A (C, UR) [target]; brown cup B (C, UD); glass spice container B (O, UD); white cup B (C, UD)",yellow-white striped cup A,Home,State-masked physical exposure
88,Place the upside-down yellow-white striped cup in the bowl.,New Recollection 20,justintiensmith/MT_State_Recognition_20,8,State Recognition,"yellow-white striped cup A (O, UD) [target, P1]; yellow-white striped cup B (O, UR) [same-category counterfactual, P3]",yellow-white striped cup A,Home,Explicit seen-cell grounding
89,Put the upside-down yellow-white striped cup in the bowl.,Original 200,justintiensmith/MT_State_Recognition_200_OLD,89,State Recognition,"yellow-white striped cup B (C, UD) [target]; yellow-white striped cup A (C, UR); white cup A (C, UD)",yellow-white striped cup B,Home,Explicit seen-cell grounding
90,Move the upright yellow-white striped cup into the bowl.,Original 200,justintiensmith/MT_State_Recognition_200_OLD,90,State Recognition,"yellow-white striped cup A (O, UR) [target]; yellow-white striped cup B (O, UD); brown cup B (C, UD)",yellow-white striped cup A,Home,Explicit seen-cell grounding
91,Place the upside-down yellow-white striped cup in the bowl.,New Recollection 20,justintiensmith/MT_State_Recognition_20,9,State Recognition,"yellow-white striped cup B (C, UD) [target, P2]; yellow-white striped cup A (C, UR) [same-category counterfactual, P4]; white cup B (C, UD) [P1]",yellow-white striped cup B,Home,Explicit seen-cell grounding
92,Put a yellow-white striped cup in the bowl.,Replacement 61,justintiensmith/SP_State_Recognition_61,23,State Recognition,"yellow-white striped cup A (C, UR) [target, P4]; white cup B (O, UD) — P3; brown cup B (O, UR) — P1; glass spice container A (C, UD) — P2",yellow-white striped cup A,Home,State-masked physical exposure
93,Move a yellow-white striped cup into the bowl.,Original 200,justintiensmith/MT_State_Recognition_200_OLD,93,State Recognition,"yellow-white striped cup B (C, UR) [target]; glass spice container B (O, UD); white cup B (C, UD); brown cup A (O, UD)",yellow-white striped cup B,Recovery,State-masked physical exposure
94,Place the upside-down yellow-white striped cup in the bowl.,Original 200,justintiensmith/MT_State_Recognition_200_OLD,94,State Recognition,"yellow-white striped cup A (O, UD) [target]; yellow-white striped cup B (O, UR); glass spice container B (C, UD)",yellow-white striped cup A,Home,Explicit seen-cell grounding
95,Put a yellow-white striped cup in the bowl.,Original 200,justintiensmith/MT_State_Recognition_200_OLD,95,State Recognition,"yellow-white striped cup B (C, UD) [target]; white cup B (C, UR); brown cup A (O, UR); glass spice container A (C, UR)",yellow-white striped cup B,Home,State-masked physical exposure
96,Move a yellow-white striped cup into the bowl.,Replacement 61,justintiensmith/SP_State_Recognition_61,30,State Recognition,"yellow-white striped cup A (O, UD) [target, P3]; white cup A (C, UR) — P1; brown cup A (C, UD) — P2; glass spice container B (O, UD) — P4",yellow-white striped cup A,Recovery,State-masked physical exposure
97,Place the upright yellow-white striped cup in the bowl.,Original 200,justintiensmith/MT_State_Recognition_200_OLD,97,State Recognition,"yellow-white striped cup B (C, UR) [target]; yellow-white striped cup A (C, UD); glass spice container A (C, UR)",yellow-white striped cup B,Home,Explicit seen-cell grounding
98,Put a yellow-white striped cup in the bowl.,Original 200,justintiensmith/MT_State_Recognition_200_OLD,98,State Recognition,"yellow-white striped cup A (O, UD) [target]; brown cup A (C, UR); glass spice container A (O, UR); white cup A (C, UR)",yellow-white striped cup A,Home,State-masked physical exposure
99,Move a yellow-white striped cup into the bowl.,Replacement 61,justintiensmith/SP_State_Recognition_61,29,State Recognition,"yellow-white striped cup A (C, UD) [target, P2]; white cup B (O, UR) — P4; brown cup B (O, UD) — P1; glass spice container A (C, UR) — P3",yellow-white striped cup A,Home,State-masked physical exposure
100,Place a brown cup in the bowl.,Additional 40,justintiensmith/MT_State_Recognition_40,27,State Recognition,"brown cup A (C, UR) [target, P2]; White cup B (O, UR); yellow-white striped cup B (C, UD); glass spice container A (O, UD)",brown cup A,Recovery,State-masked physical exposure
101,Put the open brown cup in the bowl.,Original 200,justintiensmith/MT_State_Recognition_200_OLD,101,State Recognition,"brown cup A (O, UR) [target]; brown cup B (C, UR); glass spice container B (O, UR); white cup A (C, UR)",brown cup A,Home,Explicit seen-cell grounding
102,Move a brown cup into the bowl.,Original 200,justintiensmith/MT_State_Recognition_200_OLD,102,State Recognition,"brown cup A (C, UR) [target]; white cup B (O, UR); yellow-white striped cup B (O, UR)",brown cup A,Home,State-masked physical exposure
103,Place a brown cup in the bowl.,Additional 40,justintiensmith/MT_State_Recognition_40,22,State Recognition,"brown cup B (C, UD) [target, P1]; White cup A (O, UR); yellow-white striped cup A (O, UR); glass spice container A (C, UD)",brown cup B,Home,State-masked physical exposure
104,Put the open brown cup in the bowl.,Original 200,justintiensmith/MT_State_Recognition_200_OLD,104,State Recognition,"brown cup B (O, UR) [target]; brown cup A (C, UR); glass spice container A (O, UR)",brown cup B,Recovery,Explicit seen-cell grounding
105,Move a brown cup into the bowl.,Original 200,justintiensmith/MT_State_Recognition_200_OLD,105,State Recognition,"brown cup A (C, UR) [target]; yellow-white striped cup B (O, UR); glass spice container A (O, UR); white cup A (O, UR)",brown cup A,Recovery,State-masked physical exposure
106,Place the open brown cup in the bowl.,Original 200,justintiensmith/MT_State_Recognition_200_OLD,106,State Recognition,"brown cup B (O, UR) [target]; brown cup A (C, UR); yellow-white striped cup A (O, UR)",brown cup B,Home,Explicit seen-cell grounding
107,Put a brown cup in the bowl.,Additional 40,justintiensmith/MT_State_Recognition_40,24,State Recognition,"brown cup A (C, UD) [target, P3]; White cup A (C, UR); yellow-white striped cup B (O, UD); glass spice container B (O, UR)",brown cup A,Home,State-masked physical exposure
108,Move a brown cup into the bowl.,Original 200,justintiensmith/MT_State_Recognition_200_OLD,108,State Recognition,"brown cup B (O, UR) [target]; glass spice container A (C, UR); white cup A (C, UR); yellow-white striped cup A (C, UR)",brown cup B,Home,State-masked physical exposure
109,Place a brown cup in the bowl.,Additional 40,justintiensmith/MT_State_Recognition_40,25,State Recognition,"brown cup B (O, UD) [target, P4]; White cup B (C, UR); yellow-white striped cup B (O, UR); glass spice container B (C, UD)",brown cup B,Home,State-masked physical exposure
110,Put the open brown cup in the bowl.,Original 200,justintiensmith/MT_State_Recognition_200_OLD,110,State Recognition,"brown cup B (O, UR) [target]; brown cup A (C, UR); glass spice container A (C, UR)",brown cup B,Home,Explicit seen-cell grounding
111,Move a brown cup into the bowl.,Additional 40,justintiensmith/MT_State_Recognition_40,28,State Recognition,"brown cup B (O, UD) [target, P3]; White cup A (C, UD); yellow-white striped cup A (C, UR); glass spice container B (O, UR)",brown cup B,Home,State-masked physical exposure
112,Place the open brown cup in the bowl.,Original 200,justintiensmith/MT_State_Recognition_200_OLD,112,State Recognition,"brown cup B (O, UR) [target]; brown cup A (C, UR); yellow-white striped cup A (O, UR)",brown cup B,Home,Explicit seen-cell grounding
113,Put a brown cup in the bowl.,Replacement 61,justintiensmith/SP_State_Recognition_61,32,State Recognition,"brown cup A (O, UR) [target, P1]; white cup A (C, UD) — P4; yellow-white striped cup B (O, UD) — P2; glass spice container B (O, UR) — P3",brown cup A,Home,State-masked physical exposure
114,Move the open brown cup into the bowl.,Original 200,justintiensmith/MT_State_Recognition_200_OLD,114,State Recognition,"brown cup A (O, UR) [target]; brown cup B (C, UR); white cup A (O, UR)",brown cup A,Home,Explicit seen-cell grounding
115,Place a brown cup in the bowl.,Original 200,justintiensmith/MT_State_Recognition_200_OLD,115,State Recognition,"brown cup B (O, UR) [target]; white cup A (C, UR); yellow-white striped cup A (C, UR); glass spice container B (C, UR)",brown cup B,Home,State-masked physical exposure
116,Put a brown cup in the bowl.,Replacement 61,justintiensmith/SP_State_Recognition_61,34,State Recognition,"brown cup A (O, UD) [target, P3]; white cup A (C, UR) — P2; yellow-white striped cup B (O, UR) — P4; glass spice container B (O, UD) — P1",brown cup A,Home,State-masked physical exposure
117,Move a brown cup into the bowl.,Original 200,justintiensmith/MT_State_Recognition_200_OLD,117,State Recognition,"brown cup B (O, UR) [target]; yellow-white striped cup A (C, UR); glass spice container B (C, UR)",brown cup B,Recovery,State-masked physical exposure
118,Place the open brown cup in the bowl.,Original 200,justintiensmith/MT_State_Recognition_200_OLD,118,State Recognition,"brown cup A (O, UR) [target]; brown cup B (C, UR); yellow-white striped cup A (C, UR); glass spice container B (C, UR)",brown cup A,Home,Explicit seen-cell grounding
119,Put a brown cup in the bowl.,Additional 40,justintiensmith/MT_State_Recognition_40,29,State Recognition,"brown cup A (O, UD) [target, P4]; White cup B (O, UR); yellow-white striped cup A (O, UD); glass spice container A (C, UR)",brown cup A,Recovery,State-masked physical exposure
120,Move the open brown cup into the bowl.,Original 200,justintiensmith/MT_State_Recognition_200_OLD,120,State Recognition,"brown cup A (O, UR) [target]; brown cup B (C, UR); white cup A (C, UR); yellow-white striped cup B (C, UR)",brown cup A,Home,Explicit seen-cell grounding
121,Place the open brown cup in the bowl.,Original 200,justintiensmith/MT_State_Recognition_200_OLD,121,State Recognition,"brown cup B (O, UR) [target]; brown cup A (C, UR); yellow-white striped cup B (O, UR)",brown cup B,Home,Explicit seen-cell grounding
122,Put a brown cup in the bowl.,Original 200,justintiensmith/MT_State_Recognition_200_OLD,122,State Recognition,"brown cup B (C, UR) [target]; glass spice container B (O, UR); white cup B (O, UR); yellow-white striped cup B (O, UR)",brown cup B,Home,State-masked physical exposure
123,Move a brown cup into the bowl.,Replacement 61,justintiensmith/SP_State_Recognition_61,35,State Recognition,"brown cup B (C, UR) [target, P4]; white cup B (O, UD) — P3; yellow-white striped cup A (C, UR) — P1; glass spice container A (C, UD) — P2",brown cup B,Home,State-masked physical exposure
124,Place the open brown cup in the bowl.,Original 200,justintiensmith/MT_State_Recognition_200_OLD,124,State Recognition,"brown cup B (O, UR) [target]; brown cup A (C, UR); yellow-white striped cup A (C, UR); glass spice container B (C, UR)",brown cup B,Home,Explicit seen-cell grounding
125,Put the upside-down brown cup in the bowl.,New Recollection 20,justintiensmith/MT_State_Recognition_20,14,State Recognition,"brown cup A (O, UD) [target, P3]; brown cup B (O, UR) [same-category counterfactual, P1]",brown cup A,Home,Explicit seen-cell grounding
126,Move a brown cup into the bowl.,Original 200,justintiensmith/MT_State_Recognition_200_OLD,126,State Recognition,"brown cup B (O, UD) [target]; yellow-white striped cup A (C, UR); glass spice container B (O, UR)",brown cup B,Home,State-masked physical exposure
127,Place the upside-down brown cup in the bowl.,Original 200,justintiensmith/MT_State_Recognition_200_OLD,127,State Recognition,"brown cup B (C, UD) [target]; brown cup A (C, UR); glass spice container B (C, UR)",brown cup B,Home,Explicit seen-cell grounding
128,Put the upright brown cup in the bowl.,Original 200,justintiensmith/MT_State_Recognition_200_OLD,128,State Recognition,"brown cup A (O, UR) [target]; brown cup B (O, UD); white cup A (C, UR); yellow-white striped cup B (O, UR)",brown cup A,Recovery,Explicit seen-cell grounding
129,Move a brown cup into the bowl.,Original 200,justintiensmith/MT_State_Recognition_200_OLD,129,State Recognition,"brown cup A (C, UD) [target]; glass spice container B (C, UR); white cup B (O, UR); yellow-white striped cup B (C, UR)",brown cup A,Home,State-masked physical exposure
130,Place the upright brown cup in the bowl.,New Recollection 20,justintiensmith/MT_State_Recognition_20,10,State Recognition,"brown cup A (O, UR) [target, P3]; brown cup B (O, UD) [same-category counterfactual, P1]; yellow-white striped cup A (O, UR) [P2]; glass spice container B (C, UD) [P4]",brown cup A,Recovery,Explicit seen-cell grounding
131,Put the upright brown cup in the bowl.,Original 200,justintiensmith/MT_State_Recognition_200_OLD,131,State Recognition,"brown cup A (C, UR) [target]; brown cup B (C, UD); white cup B (C, UR); yellow-white striped cup A (O, UD)",brown cup A,Home,Explicit seen-cell grounding
132,Move the upside-down brown cup into the bowl.,Original 200,justintiensmith/MT_State_Recognition_200_OLD,132,State Recognition,"brown cup A (O, UD) [target]; brown cup B (O, UR); yellow-white striped cup A (C, UR)",brown cup A,Recovery,Explicit seen-cell grounding
133,Place the upside-down brown cup in the bowl.,New Recollection 20,justintiensmith/MT_State_Recognition_20,15,State Recognition,"brown cup B (C, UD) [target, P4]; brown cup A (C, UR) [same-category counterfactual, P2]; white cup B (C, UD) [P1]",brown cup B,Recovery,Explicit seen-cell grounding
134,Put the upright brown cup in the bowl.,New Recollection 20,justintiensmith/MT_State_Recognition_20,11,State Recognition,"brown cup B (C, UR) [target, P4]; brown cup A (C, UD) [same-category counterfactual, P2]",brown cup B,Home,Explicit seen-cell grounding
135,Move the upside-down brown cup into the bowl.,Original 200,justintiensmith/MT_State_Recognition_200_OLD,135,State Recognition,"brown cup A (C, UD) [target]; brown cup B (C, UR); yellow-white striped cup B (C, UD); glass spice container A (O, UR)",brown cup A,Home,Explicit seen-cell grounding
136,Place a brown cup in the bowl.,Original 200,justintiensmith/MT_State_Recognition_200_OLD,136,State Recognition,"brown cup A (O, UR) [target]; white cup B (C, UD); yellow-white striped cup B (O, UD)",brown cup A,Home,State-masked physical exposure
137,Put the upside-down brown cup in the bowl.,New Recollection 20,justintiensmith/MT_State_Recognition_20,16,State Recognition,"brown cup B (O, UD) [target, P1]; brown cup A (O, UR) [same-category counterfactual, P3]; yellow-white striped cup A (O, UD) [P2]; glass spice container B (C, UR) [P4]",brown cup B,Home,Explicit seen-cell grounding
138,Move the upright brown cup into the bowl.,New Recollection 20,justintiensmith/MT_State_Recognition_20,12,State Recognition,"brown cup A (O, UR) [target, P1]; brown cup B (O, UD) [same-category counterfactual, P3]; white cup A (O, UR) [P2]",brown cup A,Home,Explicit seen-cell grounding
139,Place the upright brown cup in the bowl.,Original 200,justintiensmith/MT_State_Recognition_200_OLD,139,State Recognition,"brown cup A (C, UR) [target]; brown cup B (C, UD); glass spice container B (C, UD)",brown cup A,Home,Explicit seen-cell grounding
140,Put the upright brown cup in the bowl.,Original 200,justintiensmith/MT_State_Recognition_200_OLD,140,State Recognition,"brown cup A (O, UR) [target]; brown cup B (O, UD); white cup A (C, UR); yellow-white striped cup B (O, UR)",brown cup A,Home,Explicit seen-cell grounding
141,Move a brown cup into the bowl.,Original 200,justintiensmith/MT_State_Recognition_200_OLD,141,State Recognition,"brown cup B (C, UD) [target]; yellow-white striped cup B (C, UR); glass spice container A (O, UR)",brown cup B,Home,State-masked physical exposure
142,Place the upright brown cup in the bowl.,New Recollection 20,justintiensmith/MT_State_Recognition_20,13,State Recognition,"brown cup B (C, UR) [target, P2]; brown cup A (C, UD) [same-category counterfactual, P4]; yellow-white striped cup B (C, UR) [P1]; glass spice container A (O, UD) [P3]",brown cup B,Home,Explicit seen-cell grounding
143,Put a brown cup in the bowl.,Original 200,justintiensmith/MT_State_Recognition_200_OLD,143,State Recognition,"brown cup A (C, UR) [target]; glass spice container A (O, UD); white cup A (C, UD); yellow-white striped cup A (O, UD)",brown cup A,Home,State-masked physical exposure
144,Move the upside-down brown cup into the bowl.,Original 200,justintiensmith/MT_State_Recognition_200_OLD,144,State Recognition,"brown cup B (O, UD) [target]; brown cup A (O, UR); yellow-white striped cup A (C, UD); glass spice container B (O, UD)",brown cup B,Home,Explicit seen-cell grounding
145,Place a brown cup in the bowl.,Replacement 61,justintiensmith/SP_State_Recognition_61,37,State Recognition,"brown cup B (C, UD) [target, P2]; white cup B (O, UR) — P3; yellow-white striped cup A (C, UD) — P4; glass spice container A (C, UR) — P1",brown cup B,Home,State-masked physical exposure
146,Put a brown cup in the bowl.,Replacement 61,justintiensmith/SP_State_Recognition_61,38,State Recognition,"brown cup B (O, UD) [target, P3]; white cup A (C, UR) — P4; yellow-white striped cup B (O, UR) — P1; glass spice container B (O, UD) — P2",brown cup B,Home,State-masked physical exposure
147,Move the upside-down brown cup into the bowl.,Original 200,justintiensmith/MT_State_Recognition_200_OLD,147,State Recognition,"brown cup A (C, UD) [target]; brown cup B (C, UR); yellow-white striped cup B (C, UD); glass spice container A (O, UR)",brown cup A,Home,Explicit seen-cell grounding
148,Place a brown cup in the bowl.,Original 200,justintiensmith/MT_State_Recognition_200_OLD,148,State Recognition,"brown cup A (O, UR) [target]; white cup A (O, UD); yellow-white striped cup A (C, UD)",brown cup A,Home,State-masked physical exposure
149,Put a brown cup in the bowl.,Replacement 61,justintiensmith/SP_State_Recognition_61,45,State Recognition,"brown cup B (C, UD) [target, P2]; white cup B (O, UR) — P1; yellow-white striped cup A (C, UD) — P3; glass spice container A (C, UR) — P4",brown cup B,Home,State-masked physical exposure
150,Move the open glass spice container into the bowl.,Original 200,justintiensmith/MT_State_Recognition_200_OLD,150,State Recognition,"glass spice container A (O, UR) [target]; glass spice container B (C, UR); white cup B (C, UR); yellow-white striped cup A (C, UR)",glass spice container A,Home,Explicit seen-cell grounding
151,Place the closed glass spice container in the bowl.,Original 200,justintiensmith/MT_State_Recognition_200_OLD,151,State Recognition,"glass spice container A (C, UR) [target]; glass spice container B (O, UR); yellow-white striped cup A (C, UR)",glass spice container A,Home,Explicit seen-cell grounding
152,Put the closed glass spice container in the bowl.,Original 200,justintiensmith/MT_State_Recognition_200_OLD,152,State Recognition,"glass spice container B (C, UR) [target]; glass spice container A (O, UR); brown cup B (C, UR)",glass spice container B,Home,Explicit seen-cell grounding
153,Move a glass spice container into the bowl.,Original 200,justintiensmith/MT_State_Recognition_200_OLD,153,State Recognition,"glass spice container B (O, UR) [target]; white cup A (C, UR); yellow-white striped cup A (C, UR)",glass spice container B,Recovery,State-masked physical exposure
154,Place the open glass spice container in the bowl.,Original 200,justintiensmith/MT_State_Recognition_200_OLD,154,State Recognition,"glass spice container A (O, UR) [target]; glass spice container B (C, UR); yellow-white striped cup B (C, UR); brown cup A (C, UR)",glass spice container A,Home,Explicit seen-cell grounding
155,Put the closed glass spice container in the bowl.,Original 200,justintiensmith/MT_State_Recognition_200_OLD,155,State Recognition,"glass spice container A (C, UR) [target]; glass spice container B (O, UR); brown cup A (C, UR); white cup B (O, UR)",glass spice container A,Home,Explicit seen-cell grounding
156,Move the open glass spice container into the bowl.,Original 200,justintiensmith/MT_State_Recognition_200_OLD,156,State Recognition,"glass spice container B (O, UR) [target]; glass spice container A (C, UR); white cup B (O, UR)",glass spice container B,Recovery,Explicit seen-cell grounding
157,Place a glass spice container in the bowl.,Original 200,justintiensmith/MT_State_Recognition_200_OLD,157,State Recognition,"glass spice container B (O, UR) [target]; yellow-white striped cup A (C, UR); brown cup A (C, UR); white cup B (C, UR)",glass spice container B,Home,State-masked physical exposure
158,Put the closed glass spice container in the bowl.,Original 200,justintiensmith/MT_State_Recognition_200_OLD,158,State Recognition,"glass spice container B (C, UR) [target]; glass spice container A (O, UR); brown cup B (C, UR)",glass spice container B,Home,Explicit seen-cell grounding
159,Move the closed glass spice container into the bowl.,Original 200,justintiensmith/MT_State_Recognition_200_OLD,159,State Recognition,"glass spice container A (C, UR) [target]; glass spice container B (O, UR); white cup A (O, UR)",glass spice container A,Home,Explicit seen-cell grounding
160,Place the open glass spice container in the bowl.,Original 200,justintiensmith/MT_State_Recognition_200_OLD,160,State Recognition,"glass spice container B (O, UR) [target]; glass spice container A (C, UR); yellow-white striped cup B (O, UR)",glass spice container B,Home,Explicit seen-cell grounding
161,Put a glass spice container in the bowl.,Additional 40,justintiensmith/MT_State_Recognition_40,31,State Recognition,"glass spice container A (C, UD) [target, P1]; White cup A (C, UD); yellow-white striped cup A (C, UR); Brown cup A (O, UD)",glass spice container A,Home,State-masked physical exposure
162,Move the open glass spice container into the bowl.,Original 200,justintiensmith/MT_State_Recognition_200_OLD,162,State Recognition,"glass spice container B (O, UR) [target]; glass spice container A (C, UR); white cup B (O, UR); yellow-white striped cup A (O, UR)",glass spice container B,Recovery,Explicit seen-cell grounding
163,Place the closed glass spice container in the bowl.,Original 200,justintiensmith/MT_State_Recognition_200_OLD,163,State Recognition,"glass spice container A (C, UR) [target]; glass spice container B (O, UR); yellow-white striped cup A (O, UR); brown cup B (O, UR)",glass spice container A,Home,Explicit seen-cell grounding
164,Put a glass spice container in the bowl.,Original 200,justintiensmith/MT_State_Recognition_200_OLD,164,State Recognition,"glass spice container A (O, UR) [target]; white cup B (C, UR); yellow-white striped cup B (C, UR)",glass spice container A,Home,State-masked physical exposure
165,Move the open glass spice container into the bowl.,Original 200,justintiensmith/MT_State_Recognition_200_OLD,165,State Recognition,"glass spice container B (O, UR) [target]; glass spice container A (C, UR); white cup A (O, UR); yellow-white striped cup B (C, UR)",glass spice container B,Home,Explicit seen-cell grounding
166,Place a glass spice container in the bowl.,Original 200,justintiensmith/MT_State_Recognition_200_OLD,166,State Recognition,"glass spice container A (C, UR) [target]; yellow-white striped cup B (O, UR); brown cup B (O, UR); white cup A (O, UR)",glass spice container A,Recovery,State-masked physical exposure
167,Put the closed glass spice container in the bowl.,Original 200,justintiensmith/MT_State_Recognition_200_OLD,167,State Recognition,"glass spice container A (C, UR) [target]; glass spice container B (O, UR); brown cup A (C, UR)",glass spice container A,Home,Explicit seen-cell grounding
168,Move the open glass spice container into the bowl.,Original 200,justintiensmith/MT_State_Recognition_200_OLD,168,State Recognition,"glass spice container B (O, UR) [target]; glass spice container A (C, UR); white cup B (C, UR)",glass spice container B,Home,Explicit seen-cell grounding
169,Place a glass spice container in the bowl.,Original 200,justintiensmith/MT_State_Recognition_200_OLD,169,State Recognition,"glass spice container B (C, UR) [target]; brown cup B (O, UR); white cup A (O, UR)",glass spice container B,Home,State-masked physical exposure
170,Put the open glass spice container in the bowl.,Original 200,justintiensmith/MT_State_Recognition_200_OLD,170,State Recognition,"glass spice container A (O, UR) [target]; glass spice container B (C, UR); brown cup B (O, UR); white cup A (O, UR)",glass spice container A,Home,Explicit seen-cell grounding
171,Move the closed glass spice container into the bowl.,Original 200,justintiensmith/MT_State_Recognition_200_OLD,171,State Recognition,"glass spice container A (C, UR) [target]; glass spice container B (O, UR); white cup A (O, UR); yellow-white striped cup B (O, UR)",glass spice container A,Recovery,Explicit seen-cell grounding
172,Place a glass spice container in the bowl.,Original 200,justintiensmith/MT_State_Recognition_200_OLD,172,State Recognition,"glass spice container B (C, UR) [target]; white cup A (O, UR); yellow-white striped cup A (O, UR); brown cup A (O, UR)",glass spice container B,Home,State-masked physical exposure
173,Put the open glass spice container in the bowl.,Original 200,justintiensmith/MT_State_Recognition_200_OLD,173,State Recognition,"glass spice container A (O, UR) [target]; glass spice container B (C, UR); brown cup A (O, UR)",glass spice container A,Home,Explicit seen-cell grounding
174,Move the closed glass spice container into the bowl.,Original 200,justintiensmith/MT_State_Recognition_200_OLD,174,State Recognition,"glass spice container B (C, UR) [target]; glass spice container A (O, UR); white cup B (C, UR)",glass spice container B,Home,Explicit seen-cell grounding
175,Place a glass spice container in the bowl.,Original 200,justintiensmith/MT_State_Recognition_200_OLD,175,State Recognition,"glass spice container B (C, UD) [target]; brown cup B (C, UR); white cup A (O, UR); yellow-white striped cup A (C, UR)",glass spice container B,Home,State-masked physical exposure
176,Put the upside-down glass spice container in the bowl.,New Recollection 20,justintiensmith/MT_State_Recognition_20,17,State Recognition,"glass spice container B (C, UD) [target, P2]; glass spice container A (C, UR) [same-category counterfactual, P4]",glass spice container B,Home,Explicit seen-cell grounding
177,Move the upside-down glass spice container into the bowl.,Original 200,justintiensmith/MT_State_Recognition_200_OLD,177,State Recognition,"glass spice container A (C, UD) [target]; glass spice container B (C, UR); yellow-white striped cup A (C, UD); brown cup B (O, UR)",glass spice container A,Recovery,Explicit seen-cell grounding
178,Place a glass spice container in the bowl.,Original 200,justintiensmith/MT_State_Recognition_200_OLD,178,State Recognition,"glass spice container A (O, UR) [target]; white cup A (C, UD); yellow-white striped cup A (O, UD); brown cup A (C, UD)",glass spice container A,Home,State-masked physical exposure
179,Put a glass spice container in the bowl.,Original 200,justintiensmith/MT_State_Recognition_200_OLD,179,State Recognition,"glass spice container B (C, UR) [target]; yellow-white striped cup A (C, UD); brown cup A (O, UD); white cup B (C, UD)",glass spice container B,Home,State-masked physical exposure
180,Move a glass spice container into the bowl.,Additional 40,justintiensmith/MT_State_Recognition_40,32,State Recognition,"glass spice container B (C, UD) [target, P2]; White cup B (O, UR); yellow-white striped cup A (C, UD); Brown cup B (O, UR)",glass spice container B,Recovery,State-masked physical exposure
181,Place the upside-down glass spice container in the bowl.,Original 200,justintiensmith/MT_State_Recognition_200_OLD,181,State Recognition,"glass spice container A (C, UD) [target]; glass spice container B (C, UR); brown cup A (C, UD); white cup B (O, UR)",glass spice container A,Home,Explicit seen-cell grounding
182,Put a glass spice container in the bowl.,Replacement 61,justintiensmith/SP_State_Recognition_61,55,State Recognition,"glass spice container B (C, UR) [target, P4]; white cup B (O, UD) — P2; yellow-white striped cup A (C, UR) — P3; brown cup B (O, UR) — P1",glass spice container B,Recovery,State-masked physical exposure
183,Move a glass spice container into the bowl.,Additional 40,justintiensmith/MT_State_Recognition_40,36,State Recognition,"glass spice container B (O, UR) [target, P2]; White cup B (C, UR); yellow-white striped cup B (O, UD); Brown cup A (C, UD)",glass spice container B,Home,State-masked physical exposure
184,Place the upside-down glass spice container in the bowl.,New Recollection 20,justintiensmith/MT_State_Recognition_20,18,State Recognition,"glass spice container B (O, UD) [target, P3]; glass spice container A (O, UR) [same-category counterfactual, P1]; white cup A (O, UD) [P2]",glass spice container B,Home,Explicit seen-cell grounding
185,Put a glass spice container in the bowl.,Replacement 61,justintiensmith/SP_State_Recognition_61,57,State Recognition,"glass spice container A (C, UD) [target, P2]; white cup B (O, UR) — P1; yellow-white striped cup A (C, UD) — P3; brown cup B (O, UD) — P4",glass spice container A,Home,State-masked physical exposure
186,Move the upside-down glass spice container into the bowl.,Original 200,justintiensmith/MT_State_Recognition_200_OLD,186,State Recognition,"glass spice container A (O, UD) [target]; glass spice container B (O, UR); yellow-white striped cup B (C, UD); brown cup A (O, UD)",glass spice container A,Home,Explicit seen-cell grounding
187,Place the upside-down glass spice container in the bowl.,New Recollection 20,justintiensmith/MT_State_Recognition_20,19,State Recognition,"glass spice container B (C, UD) [target, P4]; glass spice container A (C, UR) [same-category counterfactual, P2]; yellow-white striped cup B (C, UD) [P1]; brown cup A (O, UR) [P3]",glass spice container B,Home,Explicit seen-cell grounding
188,Put a glass spice container in the bowl.,Replacement 61,justintiensmith/SP_State_Recognition_61,46,State Recognition,"glass spice container B (O, UD) [target, P3]; white cup A (C, UR) — P2; yellow-white striped cup B (O, UR) — P4; brown cup A (C, UD) — P1",glass spice container B,Home,State-masked physical exposure
189,Move the upside-down glass spice container into the bowl.,Original 200,justintiensmith/MT_State_Recognition_200_OLD,189,State Recognition,"glass spice container A (C, UD) [target]; glass spice container B (C, UR); yellow-white striped cup A (C, UD)",glass spice container A,Home,Explicit seen-cell grounding
190,Place the upside-down glass spice container in the bowl.,Original 200,justintiensmith/MT_State_Recognition_200_OLD,190,State Recognition,"glass spice container B (O, UD) [target]; glass spice container A (O, UR); brown cup B (C, UD); white cup A (O, UD)",glass spice container B,Home,Explicit seen-cell grounding
191,Put a glass spice container in the bowl.,Original 200,justintiensmith/MT_State_Recognition_200_OLD,191,State Recognition,"glass spice container A (C, UR) [target]; brown cup A (O, UD); white cup B (C, UD)",glass spice container A,Home,State-masked physical exposure
192,Move a glass spice container into the bowl.,Replacement 61,justintiensmith/SP_State_Recognition_61,49,State Recognition,"glass spice container B (C, UD) [target, P2]; white cup B (O, UR) — P3; yellow-white striped cup A (C, UD) — P4; brown cup B (O, UD) — P1",glass spice container B,Home,State-masked physical exposure
193,Place a glass spice container in the bowl.,Original 200,justintiensmith/MT_State_Recognition_200_OLD,193,State Recognition,"glass spice container A (C, UR) [target]; white cup B (C, UD); yellow-white striped cup B (O, UD)",glass spice container A,Recovery,State-masked physical exposure
194,Put a glass spice container in the bowl.,Additional 40,justintiensmith/MT_State_Recognition_40,38,State Recognition,"glass spice container B (O, UD) [target, P4]; White cup B (O, UD); yellow-white striped cup A (O, UD); Brown cup A (C, UR)",glass spice container B,Home,State-masked physical exposure
195,Move a glass spice container into the bowl.,Additional 40,justintiensmith/MT_State_Recognition_40,39,State Recognition,"glass spice container A (O, UD) [target, P1]; White cup A (O, UR); yellow-white striped cup B (C, UD); Brown cup A (O, UR)",glass spice container A,Home,State-masked physical exposure
196,Place a glass spice container in the bowl.,Original 200,justintiensmith/MT_State_Recognition_200_OLD,196,State Recognition,"glass spice container A (O, UD) [target]; yellow-white striped cup B (C, UR); brown cup B (O, UR)",glass spice container A,Home,State-masked physical exposure
197,Put a glass spice container in the bowl.,Replacement 61,justintiensmith/SP_State_Recognition_61,60,State Recognition,"glass spice container B (O, UR) [target, P1]; white cup A (C, UD) — P2; yellow-white striped cup B (O, UD) — P3; brown cup A (C, UR) — P4",glass spice container B,Home,State-masked physical exposure
198,Move a glass spice container into the bowl.,Replacement 61,justintiensmith/SP_State_Recognition_61,50,State Recognition,"glass spice container A (O, UD) [target, P3]; white cup A (C, UR) — P4; yellow-white striped cup B (O, UR) — P1; brown cup A (C, UD) — P2",glass spice container A,Home,State-masked physical exposure
199,Place a glass spice container in the bowl.,Replacement 61,justintiensmith/SP_State_Recognition_61,53,State Recognition,"glass spice container A (C, UD) [target, P2]; white cup B (O, UR) — P4; yellow-white striped cup A (C, UD) — P1; brown cup B (O, UD) — P3",glass spice container A,Home,State-masked physical exposure
